fighter_id,fighter_name,background,confidence,notes
0232cabbc30a2372,Adrian Yanez,striker_boxing,medium,Wikipedia: Boxing from a young age; BJJ later
1897b7b913736a7c,Alatengheili,unclear,low,No Wikipedia page found
e4ba58725825412d,Dan Argueta,unclear,low,No Wikipedia page found
113df4fde64735c6,Davey Grant,striker_kickboxing,medium,Wikipedia: Kickboxing from 14; grappling later
aa72b0f831d0bfe5,Deiveson Figueiredo,wrestler,medium,Wikipedia: Folk wrestling from 9; capoeira later
3a314d9fa7c6825d,Douglas Silva de Andrade,unclear,low,Wikipedia names no martial art before MMA
a09ed60aa67a3f67,Farid Basharat,unclear,low,Wikipedia names no martial art before MMA
1effd880e1f1bb30,Garrett Armfield,unclear,low,No Wikipedia page found
f6bcbd91b114ff58,Johnny Munoz,unclear,low,No Wikipedia page found
c0ac37a4a1133da9,Marcus McGhee,unclear,low,Wikipedia names no martial art before MMA
bc711b6dd95c1af6,Mario Bautista,wrestler,medium,Wikipedia: Wrestling from 14 through high school; jiu-jitsu later
cc1a8b4b38b92c6d,Montel Jackson,wrestler,high,Wikipedia: HS wrestler; trained at Olympic training center
d661ce4da776fc20,Petr Yan,striker_boxing,high,Wikipedia: Master of Sport in boxing; taekwondo as a child
94527830000ab715,Rani Yahya,bjj_grappler,high,Wikipedia: BJJ from 11; ADCC champion
5987b2458f4b5290,Ricky Simon,wrestler,high,Wikipedia: Wrestling from 9; state placer
cd3d7e37ff2d679c,Ricky Turcios,unclear,low,No Wikipedia page found
d8c811df0386d5e8,Rinya Nakamura,wrestler,high,Wikipedia: U23 freestyle wrestling world champion
0fd5f4b838e890cc,Said Nurmagomedov,unclear,low,Wikipedia names no martial art before MMA
efb96bf3e9ada36f,Song Yadong,unclear,low,Wikipedia: Started directly in MMA
0e46690e55a8df75,Timmy Cuamba,unclear,low,No Wikipedia page found
37098a6e6c27fb66,Vince Morales,wrestler,high,Wikipedia: HS state wrestling champion
7aa3d6964eff4877,Alex Caceres,unclear,low,Wikipedia names no martial art before MMA
8fd808923cffff82,Andre Fili,unclear,low,Wikipedia: Started directly in MMA
040a74bb0a465c54,Arnold Allen,unclear,low,Wikipedia: Started directly in MMA
305d73ede05e31ad,Austin Lingo,striker_kickboxing,high,"Wikipedia: Boxing and TKD, then Muay Thai in Thailand"
9abc648e76c4493a,Bill Algeo,wrestler,medium,Wikipedia: All-State HS wrestler; BJJ from 18
aa171d55d4b5208f,Billy Quarantillo,bjj_grappler,low,Wikipedia: Represented Gracie Tampa; no explicit credential
751de04455cfaac0,Calvin Kattar,wrestler,medium,"Wikipedia: Standout HS wrestler, state placer"
e0c6edcb5b5d0b90,Chepe Mariscal,unclear,low,No Wikipedia page found
29af297d9f1de0f8,Damon Jackson,wrestler,high,Wikipedia: College All-American wrestler
92a9aa9c93192871,Darren Elkins,wrestler,high,Wikipedia: HS state champion; college wrestler
f166e93d04a8c274,Diego Lopes,bjj_grappler,high,Wikipedia: BJJ competitor from 7; BJJ instructor
e93b04e308913c2e,Dooho Choi,unclear,low,Wikipedia names no martial art before MMA
41cc71cbf210e0fe,Hyder Amil,unclear,low,Wikipedia: Unspecified martial arts as a child
ac026518a9b4dc0f,Jordan Leavitt,wrestler,medium,Wikipedia: HS wrestling team
7facc9c45d792985,Kaan Ofli,unclear,low,No Wikipedia page found
20bccc9bb4ceb23e,Melquizael Costa,striker_boxing,medium,Wikipedia: Boxing from 13; BJJ later
a52bc1e62cf0b7c6,Melsik Baghdasaryan,striker_kickboxing,high,"Wikipedia: Karate, then pro kickboxing/Muay Thai champion"
583ee11abddfc581,Nate Landwehr,wrestler,low,Wikipedia: Wrestled in HS among other sports
329e403448756217,Nathaniel Wood,bjj_grappler,medium,Wikipedia: BJJ from 16
b8bbdeff718dbb7d,Pat Sabatini,bjj_grappler,medium,"Wikipedia: Tang Soo Do, then BJJ black belt; wrestling and sambo later"
a68575214ecad140,SeungWoo Choi,striker_kickboxing,high,Wikipedia: Muay Thai world championships bronze
d31cbcdd7d69536d,TJ Brown,unclear,low,Wikipedia names no martial art before MMA
e1d40e8782d80bc2,William Gomis,unclear,low,No Wikipedia page found
52c2ae6d2f2d2613,Youssef Zalal,striker_kickboxing,medium,Wikipedia: Kickboxing from 10
253076a23d03dcd0,Allan Nascimento,striker_kickboxing,high,Wikipedia: Muay Thai from 15; Chute Boxe
6d35bf94f7d30241,Amir Albazi,unclear,low,Wikipedia: Started directly in MMA
798e48f9e7f6ba22,Carlos Hernandez,unclear,low,No Wikipedia page found
814e5233e2acf2ee,Charles Johnson,hybrid,low,Wikipedia: HS state wrestling rep; later pro boxer
7f6ed67d3ed3c036,Cody Durden,wrestler,high,"Wikipedia: HS wrestler 121-31, state finalist"
2fe9032955c2e013,Joseph Morales,unclear,low,Wikipedia names no martial art before MMA
34b96d52db1d26e6,Kevin Borjas,unclear,low,No Wikipedia page found
98aa60cf58071fd6,Kyoji Horiguchi,striker_kickboxing,high,"Wikipedia: Full-contact karate from 5, regional champion"
dee294e9717012c2,Malcolm Gordon,hybrid,low,Wikipedia: Started with BJJ and kickboxing together
5d1b7e3dd9e11074,Manel Kape,striker_boxing,medium,Wikipedia: Boxing matches before MMA at 14
32ab52e5de93092d,Steve Erceg,wrestler,low,Wikipedia: Started in MMA; national freestyle wrestling gold
f00ac08ab056af5d,Tagir Ulanbekov,wrestler,high,Wikipedia: Wrestling as a child; combat sambo world champion
4461d7e47375a895,Tatsuro Taira,unclear,low,Wikipedia: Started directly in MMA
6e00cfffd54653c4,Tyson Nam,hybrid,low,"Wikipedia: Judo from 6, then boxing and kickboxing"
be9bdec19b7e9ffe,Austen Lane,unclear,low,Wikipedia names no martial art before MMA
1788eee370f077b7,Blagoy Ivanov,wrestler,high,Wikipedia: Combat sambo world champion; judo national team
7a5e8c94a86f9895,Chris Barnett,hybrid,medium,Wikipedia: Taekwondo from 5; college wrestling scholarship
787bb1f087ccff8a,Ciryl Gane,striker_kickboxing,high,Wikipedia: Pro Muay Thai champion
fa6796c55d6c5440,Curtis Blaydes,wrestler,high,Wikipedia: HS state champion; NJCAA national champion
d3df1add9d9a7efb,Derrick Lewis,striker_boxing,medium,Wikipedia: Boxing from 17; trained under George Foreman
2cd428e9606856fd,Jairzinho Rozenstruik,striker_kickboxing,high,Wikipedia: Pro kickboxer
25f9a5f3e8a52618,Jhonata Diniz,striker_kickboxing,high,Wikipedia: Pro kickboxer (GLORY); Muay Thai tournament winner
8667caa0451d245b,Kennedy Nzechukwu,unclear,low,Wikipedia: Started directly in MMA
c9cf753cfdf77fc2,Marcin Tybura,unclear,low,Wikipedia names no martial art before MMA
e2f6b2769aaedd6c,Serghei Spivac,unclear,low,Wikipedia names no martial art before MMA
c62fbc117d57b943,Tai Tuivasa,unclear,low,Wikipedia names no martial art before MMA
71171fc96445bf65,Vitor Petrino,striker_kickboxing,medium,Wikipedia: Sanda / Chinese boxing from 13
333b9e5c723ac873,Aleksandar Rakic,striker_kickboxing,high,"Wikipedia: Kickboxing and boxing from 12, 40+ fights"
a495f599e787614f,Alonzo Menifield,unclear,low,Wikipedia names no martial art before MMA
e90a2f22417af68e,Azamat Murzakanov,hybrid,medium,Wikipedia: Hand-to-hand combat world champion (striking + throws)
49edd0d90f60fb7d,Brendson Ribeiro,unclear,low,No Wikipedia page found
9014c02eff8b3d62,Carlos Ulberg,striker_kickboxing,medium,Wikipedia: Former kickboxer; one pro boxing bout
d0aaedcf7ccd0b45,Chris Daukaus,unclear,low,Wikipedia: Started directly in MMA
cd13728ae1151f46,Ion Cutelaba,wrestler,high,Wikipedia: Greco-Roman wrestling; sambo and judo national champion
70e1f8a821b72c8b,Jimmy Crute,bjj_grappler,low,"Wikipedia: Karate at 4, judo at 8, BJJ from 11"
009341ed974bad72,Jiri Prochazka,striker_kickboxing,medium,Wikipedia: Began with Thai boxing
c21f26bbde777573,Johnny Walker,unclear,low,Wikipedia names no martial art before MMA
6370c1c1e12723d5,Marcin Prachnio,striker_kickboxing,high,Wikipedia: Kyokushin karate Polish champion
50db8711c70196cd,Ovince Saint Preux,wrestler,low,"Wikipedia: HS wrestler 26-1, state runner-up; kickboxing at 21"
d2cd7a69cc55e7ed,Austin Hubbard,wrestler,low,Wikipedia: HS wrestling
de45aaae23dfa392,Christos Giagos,wrestler,low,Wikipedia: HS wrestling
135d124172a0bea3,Damir Ismagulov,hybrid,low,Wikipedia: Master of sport in universal and army hand-to-hand combat
193b9d1858bc4df3,Dan Hooker,striker_kickboxing,medium,Wikipedia: Pro kickboxing champion
029eaff01e6bb8f0,Dustin Poirier,unclear,low,Wikipedia names no martial art before MMA
64a50dad704d1d49,Edson Barboza,striker_kickboxing,high,"Wikipedia: Muay Thai from 8, 25-3 pro"
323d4ca260dfa0ba,Esteban Ribovics,unclear,low,Wikipedia: Started directly in MMA
d9a56ecb6e94f02e,Evan Elder,unclear,low,No Wikipedia page found
436f970c9ea9169c,Gabriel Benitez,unclear,low,Wikipedia: Started directly in MMA
99bd51917728c25d,Grant Dawson,wrestler,medium,Wikipedia: HS wrestler 40-8
7026eca45f65377b,Jared Gordon,striker_boxing,low,Wikipedia: Boxing and wrestling young; taught boxing
af65aa688d13eedf,Joe Solecki,bjj_grappler,high,Wikipedia: BJJ from 6
58bbef3770bb2dfc,Joel Alvarez,unclear,low,Wikipedia: Started directly in MMA
9e8f6c728eb01124,Justin Gaethje,wrestler,high,Wikipedia: College wrestler at Northern Colorado
ec13c393d029297d,Kaue Fernandes,unclear,low,No Wikipedia page found
5b86d491d63890c5,Ludovit Klein,striker_boxing,low,"Wikipedia: Boxing from 12, then BJJ and Thai boxing"
8c1ca54b5089d199,Maheshate,unclear,low,No Wikipedia page found
849c5d9979df5357,Mateusz Rebecki,unclear,low,No Wikipedia page found
dccb63727f2f5f74,Matt Frevola,wrestler,low,Wikipedia: HS wrestling; BJJ in high school
511e82663651438d,Michael Johnson,wrestler,medium,Wikipedia: Top NJCAA wrestler
b7b84ccd221be298,Nasrat Haqparast,striker_kickboxing,low,Wikipedia: Kickboxing classes from 14
c814b4c899793af6,Rafael Fiziev,striker_kickboxing,high,Wikipedia: Muay Thai from 11; fought in Thailand
b6452706b373eea1,Renato Moicano,bjj_grappler,medium,Wikipedia: Judo from 8; BJJ
37c5366d18ed6c05,Roosevelt Roberts,unclear,low,Wikipedia: Started directly in MMA
809bd1a871491508,Terrance McKinney,wrestler,high,Wikipedia: Two-time state champion; Fargo All-American
6c3b2525436cf5d4,Tom Nolan,hybrid,low,"Wikipedia: Wrestling and jujutsu together, MMA at 15"
22a92d7f62195791,Tony Ferguson,wrestler,high,Wikipedia: NCWA national wrestling champion
0bc697c5936a2d0a,Trevor Peek,unclear,low,No Wikipedia page found
19c591115a58982c,Viacheslav Borshchev,unclear,low,No Wikipedia page found
eae431e70064e046,Abdul Razak Alhassan,bjj_grappler,high,"Wikipedia: Judo black belt, 22 years"
886264a0c9f4ea5e,Andre Muniz,bjj_grappler,medium,"Wikipedia: BJJ as a teen, competed; Muay Thai too"
5f61780fe5e9b6d0,Andre Petroski,wrestler,high,Wikipedia: Wrestling from 4; college wrestler
35673bf5204524ee,Bo Nickal,wrestler,high,Wikipedia: Three-time Texas champion; Penn State
0c6d9ea8306c029e,Brad Tavares,unclear,low,Wikipedia names no martial art before MMA
12ebd7d157e91701,Bruno Silva,unclear,low,Wikipedia: Started directly in MMA
64d47ef881a437a4,Cesar Almeida,striker_kickboxing,low,Wikipedia: Disambiguation page lists him as a kickboxer
5442f1bc4b47eaf3,Chris Curtis,striker_boxing,low,Wikipedia: Described as a former boxer
0112352cb32f5026,Denis Tiuliulin,unclear,low,No Wikipedia page found
0d7b51c9d2649a6e,Dricus Du Plessis,striker_kickboxing,medium,Wikipedia: WAKO K-1 world gold; judo and wrestling earlier
cad24459b28592ca,Eryk Anders,unclear,low,Wikipedia names no martial art before MMA
b12fb759e02378de,Gilbert Urbina,unclear,low,No Wikipedia page found
6a96ad1bc34fb113,Ismail Naurdiev,wrestler,low,Wikipedia: Wrestling before MMA
1338e2c7480bdf9e,Israel Adesanya,striker_kickboxing,high,Wikipedia: Kickboxing from 18; Glory title challenger
d0e1b42d41dab603,Julian Marquez,wrestler,medium,Wikipedia: Wrestling from middle school through college
841695e02c99a521,Mansur Abdul-Malik,unclear,low,No Wikipedia page found
8e9eb3fc86db0f7d,Marc-Andre Barriault,unclear,low,Wikipedia names no martial art before MMA
49d2a08964c5eb11,Nursulton Ruziboev,hybrid,low,Wikipedia: Karate from 7; combat sambo in youth
2e5c2aa8e4ab9d82,Paulo Costa,striker_kickboxing,medium,Wikipedia: Muay Thai from 9; jiu-jitsu later
547afe1017e72dbe,Phil Hawes,wrestler,high,Wikipedia: NJCAA national champion; D1 Iowa State
d549cefc7c54ab78,Reinier de Ridder,bjj_grappler,high,Wikipedia: Judo black belt as teen; BJJ black belt
0cd0456d6029cec2,Robert Valentin,unclear,low,No Wikipedia page found
260e9e0d4954aea6,Rodolfo Vieira,bjj_grappler,high,Wikipedia: BJJ world champion; ADCC champion
9d83f6da776ff7d6,Roman Kopylov,hybrid,medium,Wikipedia: Hand-to-hand combat world champion (striking + throws)
147e70aa6cc48cfc,Tresean Gore,unclear,low,No Wikipedia page found
33efaf2d0941cfcf,Andre Fialho,striker_boxing,high,Wikipedia: Amateur boxing champion in Portugal
f4c49976c75c5ab2,Conor McGregor,striker_boxing,medium,Wikipedia: Boxing at Crumlin Boxing Club from 12
523fa774700d7d3f,Court McGee,wrestler,medium,Wikipedia: HS wrestling state placer; also karate
8a1f3b5c526cd6e6,Daniel Rodriguez,striker_boxing,low,Wikipedia: Boxing in mid-20s before MMA
a6cba6bb66c1a8c9,Danny Roberts,striker_boxing,high,"Wikipedia: Boxing from 16, 3-1 pro"
01641ba5df0c69b0,Gabriel Bonfim,striker_boxing,medium,Wikipedia: Pro boxing 5-0 alongside early MMA
23024fdfc966410a,Gilbert Burns,bjj_grappler,high,Wikipedia: IBJJF world champion
442c9011034ae1fd,Ian Machado Garry,hybrid,medium,Wikipedia: Boxing from 10; judo black belt at 18
a845f0735bc67405,Jake Matthews,unclear,low,Wikipedia: Started directly in MMA
d66a46de8d705353,Jeremiah Wells,unclear,low,Wikipedia: Started directly in MMA
b9437600497350f3,Joaquin Buckley,wrestler,low,Wikipedia: HS wrestling
3a46b268013afede,Kevin Holland,striker_kickboxing,low,Wikipedia: Described as a former kickboxer
ee9ebceabfd16fa7,Kevin Lee,wrestler,high,"Wikipedia: College wrestler, 37-0 as sophomore"
2558ae2e5671e318,Khaos Williams,bjj_grappler,low,Wikipedia: Started at a BJJ gym
4aa58269d0664b5b,Matthew Semelsberger,wrestler,low,Wikipedia: Youth wrestling; MMA from 14
b0d6a1d8ac3d563d,Max Griffin,striker_kickboxing,medium,Wikipedia: Black belt in Bok Fu (kenpo/TKD/kung fu)
c32aeb1a59e6272d,Michael Morales,wrestler,low,"Wikipedia: Judo from 5, wrestling from 10 with youth titles"
9e50097a89442158,Mickey Gall,bjj_grappler,medium,"Wikipedia: Boxing at 13, BJJ from 16 with grappling titles"
82d4c957649faf9b,Miguel Baeza,bjj_grappler,low,Wikipedia: BJJ black belt; start not described
f748267c4ab6c127,Rhys McKee,unclear,low,Wikipedia names no martial art before MMA
8f765fd5775a8873,Rinat Fakhretdinov,wrestler,medium,Wikipedia: Freestyle wrestling and kudo from 13; combat sambo
f2925e6db404bf1d,Robbie Lawler,hybrid,low,Wikipedia: Taekwondo and karate; All-State HS wrestler
6d1bffff14897645,Santiago Ponzinibbio,striker_kickboxing,medium,Wikipedia: Kickboxing from 13
b27a1fcb56a3035a,Trevin Giles,unclear,low,Wikipedia names no martial art before MMA
06e4245d16fc5315,Ailin Perez,unclear,low,No Wikipedia page found
1d239d571e342453,Germaine de Randamie,striker_kickboxing,high,"Wikipedia: Undefeated kickboxer, 4x world champion"
634e2fb70bde3fd5,Holly Holm,striker_boxing,high,Wikipedia: Pro boxing world champion; amateur kickboxing first
f9ab66e67240db7b,Joselyne Edwards,striker_boxing,medium,Wikipedia: Boxing from 13 for four years
86d9dbe1bfcbade7,Julia Avila,unclear,low,Wikipedia names no martial art before MMA
9cdd2da1a9104a0b,Macy Chiasson,striker_kickboxing,low,Wikipedia: Krav Maga instructor before MMA
b96619b3acd7d9da,Miesha Tate,wrestler,high,Wikipedia: HS state wrestling champion
fc169c387b4b465d,Raquel Pennington,unclear,low,Wikipedia names no martial art before MMA
5e6294b37bbef029,Stephanie Egger,bjj_grappler,high,Wikipedia: Judo black belt; European U23 champion
6551c64fbcd1a467,Ariane da Silva,striker_kickboxing,high,Wikipedia: Brazilian Muay Thai champion
5c637af9472ae7cc,Jamey-Lyn Horth,unclear,low,No Wikipedia page found
a78a87d8c2bbb1cb,Julija Stoliarenko,bjj_grappler,high,"Wikipedia: BJJ black belt, IBJJF medalist; karate from 12"
9d62c2d8ee151f08,Karine Silva,striker_kickboxing,low,Wikipedia: Started in Chinese boxing
b4192a975027aab6,Maryna Moroz,striker_boxing,high,Wikipedia: Boxing from a young age; Master of Sport in boxing
6a740daf1b279661,Maycee Barber,unclear,low,Wikipedia: Started directly in MMA
a4a80dd7336ffd59,Melissa Gatto,striker_kickboxing,low,Wikipedia: Kung Fu from 8
f29a6350c69f4a33,Miranda Maverick,wrestler,low,Wikipedia: Grappling from 16; HS wrestling senior year
80d8aed0ca9b00f3,Montana De La Rosa,wrestler,medium,Wikipedia: HS wrestling; college scholarship offer
68d4a891e5cf2029,Tracy Cortez,unclear,low,Wikipedia: Started directly in MMA
4798e823ada58fe9,Veronica Hardy,striker_kickboxing,medium,Wikipedia: Taekwondo black belt by 12
36541f1e6c5d4955,Viviane Araujo,bjj_grappler,medium,Wikipedia: BJJ teacher before MMA
87f8699fdcc2c404,Alice Ardelean,unclear,low,No Wikipedia page found
3df5493bb279226f,Amanda Lemos,unclear,low,Wikipedia names no martial art before MMA
7138a15258dabf20,Bruna Brasil,unclear,low,No Wikipedia page found
3351aa64aa83c4d9,Cory McKenna,striker_kickboxing,low,"Wikipedia: Karate from 10, then Muay Thai; MMA from 13"
d7e40dca3ae125be,Diana Belbita,striker_kickboxing,medium,Wikipedia: Kickboxing and karate; kempo world champion
ac7c765882f2c68c,Elise Reed,striker_kickboxing,high,"Wikipedia: Taekwondo from 6, kickboxing from 15"
26e3f3928b1891d9,Hannah Goldy,striker_kickboxing,low,Wikipedia: Three Muay Thai fights and one boxing bout before MMA
abcf2cc6efc42031,Iasmin Lucindo,unclear,low,Wikipedia: Started directly in MMA
efc67b07eed39794,Istela Nunes,unclear,low,No Wikipedia page found
6a1901c62ab3870f,Jessica Andrade,bjj_grappler,medium,"Wikipedia: Judo at school, then jiu-jitsu"
c742287ed86a09bc,Jessica Penne,unclear,low,Wikipedia names no martial art before MMA
d05cb1e8d1b885d8,Jinh Yu Frey,unclear,low,Wikipedia names no martial art before MMA
8e5d953bdb9ae5e7,Loopy Godinez,bjj_grappler,medium,"Wikipedia: Judo since childhood, then jiu-jitsu"
e375cb5caf4717b6,Piera Rodriguez,unclear,low,No Wikipedia page found
b08012bbe542592a,Tatiana Suarez,wrestler,high,Wikipedia: World Championships freestyle wrestling medalist
2c483cf443f38ece,Vanessa Demopoulos,unclear,low,Wikipedia: Started directly in MMA
24656ef4d605c96f,Aiemann Zahabi,unclear,low,Wikipedia names no martial art before MMA
7d420039bbfe7c1a,Aoriqileng,unclear,low,No Wikipedia page found
7b433309b0fd12aa,Brad Katona,hybrid,medium,Wikipedia: Karate from 5 and black belt at 14; Golden Gloves boxing champion
7be14eaed4c74856,Brian Kelleher,unclear,low,Wikipedia names no martial art before MMA
3c8a5200436e19f3,Cameron Saaiman,striker_kickboxing,high,Wikipedia: Kickboxing from 12; South African K-1 kickboxing champion
c7c39e2fb70248b3,Chad Anheliger,unclear,low,No Wikipedia page found
f1d64ae34e088832,Charles Jourdain,unclear,low,Wikipedia names no martial art before MMA
45f0cc9d18f35137,Chris Gutierrez,unclear,low,No Wikipedia page found
d8c7c61b176e3994,Cody Garbrandt,hybrid,high,Wikipedia: HS wrestling state champion and All-American; 32-0 amateur boxing
700a674c042b7a96,Cody Gibson,unclear,low,Wikipedia names no martial art before MMA
bf7ad5628363eec9,Cody Stamann,wrestler,high,Wikipedia: College wrestling at Grand Valley State; boxing from 16
65f09bacd3957381,Cory Sandhagen,striker_kickboxing,high,Wikipedia: Taekwondo as a child then kickboxing; WKA world title
da22387a0407a2dc,Da'Mon Blackshear,unclear,low,No Wikipedia page found
850266b3dc4e506e,Daniel Marcos,unclear,low,Wikipedia: Started directly in MMA
96924b0019b3aff1,Gaston Bolanos,unclear,low,No Wikipedia page found
056c493bbd76a918,Henry Cejudo,wrestler,high,Wikipedia: Freestyle wrestling; four-time HS state champion and U20 World silver
60a42bf82447c919,Jake Hadley,unclear,low,No Wikipedia page found
bbab3baf66128ae2,Javid Basharat,striker_kickboxing,medium,Wikipedia: Taekwondo from 13
ffd3224638c01b57,Jean Matsumoto,unclear,low,No Wikipedia page found
5fa2974cbd18e05c,John Castaneda,wrestler,high,Wikipedia: College wrestling at Minnesota State
f2477cf43c4975cc,Jonathan Martinez,striker_kickboxing,medium,Wikipedia: Taekwondo from 14
d0f3959b4a9747e6,Jose Aldo,bjj_grappler,medium,Wikipedia: Capoeira as a teen; then BJJ
60425d07ef4b91a7,Kyler Phillips,bjj_grappler,high,Wikipedia: BJJ from 3; IBJJF blue belt world champion; judo and wrestling state titles
a7897d200692ab64,Kyung Ho Kang,bjj_grappler,low,Wikipedia: BJJ from 2006; MMA soon after
29162be25ebef5f0,Luis Gurule,unclear,low,No Wikipedia page found
7c7332319c14094c,Marlon Vera,bjj_grappler,medium,Wikipedia: BJJ from 16
c03520b5c88ed6b4,Merab Dvalishvili,wrestler,medium,Wikipedia: Georgian wrestling and sambo from youth; judo too
46e0d677f91bacc0,Miles Johns,wrestler,high,Wikipedia: Wrestling from third grade; Kansas state champion; college wrestling scholarship
a54660deb6a8489c,Muin Gafurov,unclear,low,No Wikipedia page found
6e743a33d56bdaa4,Payton Talbott,wrestler,medium,Wikipedia: HS wrestling team
6bd02119599741a4,Pedro Munhoz,striker_kickboxing,low,Wikipedia: Shotokan karate from 6; judo then BJJ from 13
b9f28e7045fdfce7,Raoni Barcelos,wrestler,high,Wikipedia: Five-time Brazilian national wrestling champion; BJJ world titles at lower belts
fe2babf95de24fb1,Raul Rosas Jr.,wrestler,medium,Wikipedia: HS wrestling; pankration and IMMAF amateur gold
05339613bf8e9808,Rob Font,unclear,low,Wikipedia: Started directly in MMA
b50a426a33da0012,Sean O'Malley,striker_kickboxing,low,Wikipedia: Amateur kickboxing 4-0 and boxing 2-0 alongside amateur MMA
8b1ed83b02303075,Taylor Lapilus,unclear,low,Wikipedia: Started directly in MMA
2b6fc1c02736833d,Umar Nurmagomedov,wrestler,high,Wikipedia: Freestyle wrestling as a child then Muay Thai; combat sambo world champion at 19
eb8d8c2a95cfccb8,Victor Henry,striker_kickboxing,high,Wikipedia: Taekwondo black belt; jiu-jitsu later
18d01f7f8338ae72,Vinicius Oliveira,bjj_grappler,low,Wikipedia: BJJ and striking from a young age
e1248941344b3288,Alexander Volkanovski,wrestler,high,Wikipedia: Greco-Roman wrestling from a young age; two national titles at 12
cb696ebfb6598724,Aljamain Sterling,wrestler,high,Wikipedia: HS wrestling; two-time NCAA D3 All-American
def8166ff24bd237,Brian Ortega,bjj_grappler,medium,Wikipedia: BJJ from 13 under Rener Gracie; boxing from 17
d9c6f19f958643e9,Bryce Mitchell,wrestler,medium,Wikipedia: HS wrestling; state placer
c451d67c09c55418,Chan Sung Jung,striker_kickboxing,medium,Wikipedia: Hapkido at 14 and kickboxing through HS; judo and BJJ and sambo later
5ec591b78349ba7e,Christian Rodriguez,unclear,low,No Wikipedia page found
d247691a6c0e9034,Cub Swanson,unclear,low,Wikipedia: Started directly in MMA
82a5152216251682,Dan Ige,wrestler,high,Wikipedia: NCAA D3 college wrestling at Wartburg
361d49960a196976,Daniel Pineda,wrestler,medium,Wikipedia: HS wrestling for three years
b67d6bacc68d4c92,Daniel Santos,striker_kickboxing,high,"Wikipedia: Muay Thai black grade, 10-0 amateur; BJJ purple belt"
ffe9703408fb5964,David Onama,unclear,low,Wikipedia names no martial art before MMA
c4d039123e62f6a9,Dennis Buzukja,unclear,low,No Wikipedia page found
5d495dec23d7c68e,Francis Marshall,unclear,low,No Wikipedia page found
da816417a579a0bd,Gavin Tucker,hybrid,low,Wikipedia: Taekwondo and judo in his teens
9560ff14eb3129f7,Giga Chikadze,striker_kickboxing,high,Wikipedia: Goju-ryu karate from 4; GLORY kickboxer
2c9d00968f818270,Hakeem Dawodu,striker_kickboxing,medium,Wikipedia: Muay Thai from 16
4f140403000158b5,Herbert Burns,bjj_grappler,medium,Wikipedia: Shotokan karate state champion as a child; BJJ from 10
54f64b5e283b0ce7,Ilia Topuria,bjj_grappler,high,Wikipedia: Greco-Roman wrestling from 7; BJJ from 15 with IBJJF European silver
a9da3158dd2c2b5a,Jack Jenkins,unclear,low,No Wikipedia page found
b8a85389d115e35a,Jack Shore,striker_kickboxing,medium,Wikipedia: Kickboxing from 6 for four years
e00a3dee329a51f7,Jamall Emmers,wrestler,high,Wikipedia: HS and college wrestling
52ef95b5860fb28c,Jean Silva,striker_kickboxing,low,Wikipedia: Muay Thai
791c8437b341fba5,Joanderson Brito,unclear,low,Wikipedia names no martial art before MMA
87c0b1c696ddfb43,Jonathan Pearce,wrestler,high,Wikipedia: Wrestling from 12; HS state runner-up
7d6ceff6747f2de2,Jose Delgado,unclear,low,No Wikipedia page found
6751eacd16bd59bc,Josh Culibao,striker_kickboxing,low,Wikipedia: Taekwondo in childhood
fba03cd6cc28dc41,Josh Emmett,wrestler,high,Wikipedia: Wrestling for 14 years through college; BJJ blue belt world champion later
902ec2cc48c8ae8a,Julian Erosa,unclear,low,Wikipedia: Started directly in MMA
1291edf2d566a71a,Julio Arce,striker_boxing,medium,Wikipedia: Kickboxing from 14; New York Golden Gloves boxing champion 2011
eee0ef3e2b14816b,Kai Kamaka,unclear,low,No Wikipedia page found
31f8081c7600da93,Kyle Nelson,unclear,low,Wikipedia names no martial art before MMA
396fe87b84ac2e1c,Lerone Murphy,striker_boxing,low,Wikipedia: Some boxing training before MMA
710f0f8c5d5c9d41,Lucas Almeida,unclear,low,No Wikipedia page found
5b03b61f9d90125e,Morgan Charriere,unclear,low,No Wikipedia page found
76e2870ffafbe38f,Movsar Evloev,wrestler,high,Wikipedia: Master of Sport in Greco-Roman wrestling
8d11d9c13e2ccdf7,Muhammad Naimov,striker_kickboxing,high,Wikipedia: Taekwondo; Asian Junior champion and World Junior medalist
1ae8f3c723aacff4,Ricardo Ramos,bjj_grappler,low,Wikipedia: BJJ classes as a teen
4682bc59d5f55145,Sean Woodson,striker_boxing,high,Wikipedia: Boxing from 8; 46-3 amateur and Golden Gloves winner
4cd8b03aee1d0138,Shane Young,unclear,low,Wikipedia names no martial art before MMA
0a73acff6325c1e2,Shayilan Nuerdanbieke,wrestler,high,Wikipedia: Wrestling for six years; Xinjiang classical wrestling champion
94426bb170c88115,Sodiq Yusuff,unclear,low,Wikipedia names no martial art before MMA
97cf1a2c7c5e7889,Steve Garcia,unclear,low,Wikipedia: Started directly in MMA
cbf5e6f231b55443,Yair Rodriguez,striker_kickboxing,medium,Wikipedia: Taekwondo from 5
3fa97913cfd205d3,Alessandro Costa,unclear,low,No Wikipedia page found
ab2b4ff41d6ebe0f,Alex Perez,wrestler,high,Wikipedia: Wrestling from sixth grade; JUCO All-American
a0f0004aadf10b71,Alexandre Pantoja,bjj_grappler,high,Wikipedia: BJJ from 11; state title and teaching at 15; Muay Thai later
b1f21ce050035d58,Andre Lima,unclear,low,No Wikipedia page found
8d3273573b85be09,Asu Almabayev,bjj_grappler,high,Wikipedia: Wrestling from 5; BJJ champion of Kazakhstan and Asia
792be9a24df82ed6,Brandon Moreno,unclear,low,Wikipedia: Started directly in MMA
6e15f63b6c2e2c15,Brandon Royval,hybrid,low,Wikipedia: BJJ and Muay Thai from 15
294aa73dbf37d281,Bruno Silva,unclear,low,Two UFC fighters share this name; page not matched
077e3ace32b72be9,CJ Vergara,unclear,low,No Wikipedia page found
b62d5280966b2460,Clayton Carpenter,unclear,low,No Wikipedia page found
31bb0772f21cabd8,Daniel Lacerda,unclear,low,No Wikipedia page found
5ef94841c4bc3f86,Edgar Chairez,unclear,low,No Wikipedia page found
b671bdf981ad527d,HyunSung Park,unclear,low,No Wikipedia page found
65adf3856c4d9256,Jafel Filho,unclear,low,No Wikipedia page found
c051c2e12d692b8a,Jesus Aguilar,unclear,low,No Wikipedia page found
09e62c450e754913,Jimmy Flick,unclear,low,No Wikipedia page found
17e97649403ba428,Joshua Van,unclear,low,Wikipedia names no martial art before MMA
853eb0dd5c0e2149,Kai Kara-France,bjj_grappler,low,Wikipedia: BJJ from 10 for two years; then MMA
bb2c3c3a466224af,Lone'er Kavanagh,unclear,low,Wikipedia names no martial art before MMA
1a31ef98efce7a79,Matheus Nicolau,unclear,low,Wikipedia names no martial art before MMA
67c1d46f4ed16f9e,Matt Schnell,unclear,low,Wikipedia names no martial art before MMA
75353550928a7921,Muhammad Mokaev,wrestler,high,Wikipedia: Freestyle wrestling; four-time British junior champion; BJJ later
6e9f40c706f91f32,Nate Maness,unclear,low,Wikipedia: Started directly in MMA
6d68c1afe954f121,Ode Osbourne,wrestler,high,Wikipedia: HS wrestling three-time state finalist; college wrestling nationals
3cf18e01cb6cbde3,Sumudaerji,striker_kickboxing,high,Wikipedia: Sanda from 2010; Sichuan sanda team
c96d9178c9ed9e62,Tim Elliott,wrestler,high,Wikipedia: HS state champion; NJCAA wrestling national champion
dc7927cd622676a7,Victor Altamirano,unclear,low,No Wikipedia page found
279566840aa55bf2,Alexander Volkov,unclear,low,Wikipedia names no martial art before MMA
c0badf3243907e59,Alexandr Romanov,wrestler,high,Wikipedia: Freestyle wrestling from 7; Moldovan World and European teams
3738e68d2261e60f,Andrei Arlovski,wrestler,high,Wikipedia: Sambo from 16; International Master of Sports in sambo; kickboxing later
1a9480fc288e55d7,Don'Tale Mayes,bjj_grappler,high,Wikipedia: Judo first; Kansas and Indiana state champion
41e83a89929d1327,Jailton Almeida,striker_boxing,low,Wikipedia: Boxing from 6; BJJ from 11
92fa1401b7927da3,Jake Collier,bjj_grappler,medium,Wikipedia: BJJ from 20; competed before MMA
07f72a2a7591b409,Jon Jones,unclear,low,Wikipedia names no martial art before MMA
b5da8f7d05e85a55,Josh Parisian,unclear,low,Wikipedia: Started directly in MMA
e13abac8089a801a,Justin Tafa,unclear,low,Wikipedia names no martial art before MMA
0c25d0a5e8cdbf19,Lukasz Brzeski,unclear,low,No Wikipedia page found
ab943cd2c3c17825,Marcos Rogerio de Lima,unclear,low,Wikipedia names no martial art before MMA
8eb046f83e82bf26,Martin Buday,bjj_grappler,high,Wikipedia: BJJ from 18; IBJJF European gold at blue and purple
0d5cc0170c1a7e71,Mick Parkin,unclear,low,Wikipedia names no martial art before MMA
da7f113b5ea39c43,Mohammed Usman,unclear,low,No Wikipedia page found
ac40f7e3cbecdda4,Parker Porter,unclear,low,Wikipedia: Started directly in MMA
d31a5546c0e9b213,Rodrigo Nascimento,unclear,low,Wikipedia: Started directly in MMA
a67f5afa8d6a1b80,Ryan Spann,unclear,low,Wikipedia names no martial art before MMA
f14cf73e51b29254,Sergei Pavlovich,wrestler,high,Wikipedia: Greco-Roman wrestling from 5; combat sambo later
6747ccd6d1acd266,Shamil Gaziev,unclear,low,Wikipedia names no martial art before MMA
d28dee5c705991df,Stipe Miocic,wrestler,high,Wikipedia: HS and Division I college wrestling; Golden Gloves boxing later
04c8b08b16a5b99e,Tanner Boser,striker_kickboxing,high,Wikipedia: Karate for almost a decade; black belt
764d39074a352e33,Thomas Petersen,unclear,low,No Wikipedia page found
399afbabc02376b5,Tom Aspinall,bjj_grappler,high,Wikipedia: Catch wrestling and boxing from 7; then BJJ; British Open BJJ titles
f5779a2303ed76ec,Valter Walker,unclear,low,Wikipedia names no martial art before MMA
fc08099550072fe4,Waldo Cortes-Acosta,striker_boxing,low,Wikipedia: Boxing and MMA together from 24
e5549c82bfb5582d,Alex Pereira,striker_kickboxing,high,Wikipedia: Kickboxing from 21; amateur boxing 25-3; Glory champion
d4c9dcd330403612,Anthony Smith,unclear,low,Wikipedia names no martial art before MMA
ef5dcb10d2bd4b0f,Bogdan Guskov,hybrid,medium,Wikipedia: Boxing and kickboxing from youth; tournaments in both
74f9448b97bf8bec,Da Woon Jung,unclear,low,Wikipedia names no martial art before MMA
cc7040fe76f0ef91,Devin Clark,wrestler,high,Wikipedia: Wrestling from 7; HS state champ and NJCAA national champ; amateur boxing
2e19380f34871c6a,Dominick Reyes,wrestler,low,Wikipedia: Wrestled as a youth; college football
e4277e87a789d687,Dustin Jacoby,wrestler,medium,Wikipedia: Taekwondo from 4 for four years; wrestling from 5 to 12
6e8f1bcdda94ff45,Ibo Aslan,striker_kickboxing,low,Wikipedia: Kickboxing from 13; wrestling and BJJ later
5444c5a201d3ee5a,Jamahal Hill,unclear,low,Wikipedia names no martial art before MMA
99df7d0a2a08a8a8,Jan Blachowicz,hybrid,medium,Wikipedia: Judo from 9; grappling and Muay Thai tournament wins
c15fa95b9a12fde4,Junior Tafa,striker_kickboxing,high,Wikipedia: Pro kickboxer in Glory before MMA
749f572d1d3161fb,Khalil Rountree Jr.,unclear,low,Wikipedia: Started directly in MMA
d802174b0c0c1f4e,Magomed Ankalaev,wrestler,high,Wikipedia: Greco-Roman wrestling; Master of Sports in combat sambo
476fe566d2df676e,Modestas Bukauskas,striker_kickboxing,high,Wikipedia: Four-time British Kickboxing Champion
b4b496ec2197ee3e,Navajo Stirling,striker_kickboxing,high,Wikipedia: Karate first; pro kickboxing tournament champion
1091d4d957141094,Nikita Krylov,striker_kickboxing,medium,Wikipedia: Kyokushin karate from 10
46e2011d92463b7e,Oumar Sy,unclear,low,No Wikipedia page found
53c943c873cffe90,Philipe Lins,unclear,low,Wikipedia names no martial art before MMA
69898645d600abdb,Rodolfo Bellato,unclear,low,No Wikipedia page found
49e96ff8ab781589,Tyson Pedro,bjj_grappler,medium,Wikipedia: Japanese jiu-jitsu from 4; then boxing and BJJ
0845c81e37d3bcb3,Volkan Oezdemir,striker_kickboxing,medium,Wikipedia: Amateur and pro kickboxing; BJJ before MMA
8a65fd9ba31fd3f7,Zhang Mingyang,striker_kickboxing,high,Wikipedia: Sanda from 12; National Youth Sanda Champion
262a7d06203657e6,Alexander Hernandez,wrestler,medium,Wikipedia: Wrestling from 13
eae48ff31db420c2,Arman Tsarukyan,wrestler,high,Wikipedia: Freestyle wrestling; Master of Sports
08af939f41b5a57b,Beneil Dariush,bjj_grappler,high,Wikipedia: BJJ from 2007; black belt; no gi world champion
c2299ec916bc7c56,Benoit Saint Denis,unclear,low,No Wikipedia page found
4bdedbdeedff7d1d,Bolaji Oki,unclear,low,No Wikipedia page found
07225ba28ae309b6,Charles Oliveira,bjj_grappler,high,Wikipedia: BJJ from 12; São Paulo and CBJJE world champion
971246648e162f0d,Chase Hooper,unclear,low,Wikipedia names no martial art before MMA
fd406a32a6fb3a29,Chris Duncan,unclear,low,Wikipedia: Started directly in MMA
06626b6287e1ae1e,Chris Padilla,unclear,low,No Wikipedia page found
d747eb273a40a920,Claudio Puelles,striker_kickboxing,medium,Wikipedia: Muay Thai from 13; grappling later
c47df9303d318c67,Clay Guida,wrestler,high,Wikipedia: Wrestling from 5; college wrestling at Harper
38c626ca912c7bac,Damir Hadzovic,unclear,low,Wikipedia: Started directly in MMA
4148802ae4a50768,Daniel Zellhuber,unclear,low,Wikipedia names no martial art before MMA
f53d4f21d1b5f2dc,Diego Ferreira,unclear,low,No Wikipedia page found
7cbf7c78d3b34218,Drakkar Klose,wrestler,high,Wikipedia: HS state wrestling champion; college wrestling
519e4fe37ce9ff75,Drew Dober,striker_kickboxing,high,Wikipedia: Muay Thai from 14; two-time amateur national champion; HS wrestling
48a9a128784d53d1,Elves Brener,unclear,low,No Wikipedia page found
1e4f273069fb9e85,Fares Ziam,striker_kickboxing,medium,Wikipedia: Kickboxing and BJJ from 13; judo from 14; ISKA kickboxing title
5eb50529a8418b77,Gabe Green,striker_boxing,low,Wikipedia: Boxing taught by father at home
7772b283d288dbe2,Guram Kutateladze,hybrid,low,Wikipedia: Sambo and K-1/Muay Thai in formative years
e4a47b07044ddd72,Ignacio Bahamondes,striker_kickboxing,medium,Wikipedia: Amateur kickboxing career; father a WKN champion
275aca31f61ba28c,Islam Makhachev,striker_kickboxing,medium,Wikipedia: Taekwondo from 7; then sanda; wrestling one year; combat sambo champion later
eb393afdbe3293d5,Ismael Bonfim,unclear,low,No Wikipedia page found
4c88a1db5a46c6a4,Jai Herbert,unclear,low,Wikipedia names no martial art before MMA
4d8fa64202cee4c1,Jalin Turner,wrestler,low,Wikipedia: HS wrestling briefly; injured before competing
af9f42e6894047fc,Jamie Mullarkey,unclear,low,Wikipedia: Started directly in MMA
18968f97ad34f15c,Jeremy Stephens,wrestler,medium,Wikipedia: HS wrestling standout
d1941565abf50b16,Jim Miller,wrestler,medium,Wikipedia: Wrestling from 4; HS and one year at Virginia Tech; BJJ black belt later
ae7fe94f117f98cf,Joaquim Silva,hybrid,low,"Wikipedia: Muay Thai, boxing and BJJ as a teen"
c21a036b4e012f1c,John Makdessi,striker_kickboxing,high,"Wikipedia: Taekwondo from 6; Shotokan karate, 22-0 in kickboxing"
887961364be5ceb3,King Green,wrestler,high,Wikipedia: HS wrestling; CIF All-State twice
a7151778b3381036,Kurt Holobaugh,unclear,low,Wikipedia names no martial art before MMA
873626e5547b5235,Kyle Prepolec,striker_boxing,low,Wikipedia: Boxing first; HS wrestling for two years
f9b200db02b488d9,Lando Vannata,wrestler,medium,Wikipedia: Wrestling and BJJ from 13; NCAA D1 wrestling briefly
2e7878927067fdca,Manuel Torres,unclear,low,Wikipedia names no martial art before MMA
32c355b04fc57f3a,Marc Diakiese,unclear,low,Wikipedia: Started directly in MMA
da0995f19b749cfa,Mark Madsen,wrestler,high,Wikipedia: Greco-Roman wrestling from 6; Olympic silver
f6ad6a1e4d600e0d,Mason Jones,unclear,low,Wikipedia names no martial art before MMA
72db2a14ffa73ece,Mateusz Gamrot,wrestler,high,"Wikipedia: Wrestling from 10; Polish national team, European and World Championships"
9c393e836a852f30,Mauricio Ruffy,unclear,low,Wikipedia names no martial art before MMA
150ff4cc642270b9,Max Holloway,striker_kickboxing,medium,Wikipedia: Kickboxing from 15
4b93a88f3b1de35b,Michael Chandler,wrestler,high,Wikipedia: HS state runner-up; NCAA D1 All-American wrestler
fb3e61720be4690c,Mike Davis,wrestler,medium,Wikipedia: HS wrestling; pro boxing later
ff62013d2fce6d13,Nazim Sadykhov,unclear,low,Wikipedia names no martial art before MMA
37f560436d745c18,Nikolas Motta,unclear,low,No Wikipedia page found
ee18ff42063174df,Ottman Azaitar,striker_kickboxing,high,"Wikipedia: Jiu-jitsu from 6; German Muay Thai champion, national team"
7826923b47f8d72a,Paddy Pimblett,unclear,low,Wikipedia: Started directly in MMA
17734443a833cdf7,Quillan Salkilld,unclear,low,Wikipedia: Started directly in MMA
e132d47bd9efbbe0,Rafa Garcia,unclear,low,No Wikipedia page found
814ff3018127e8fc,Ricky Glenn,striker_boxing,medium,Wikipedia: One year HS wrestling; boxing from 14
a13d755965a4ec9f,Rongzhu,unclear,low,No Wikipedia page found
d945aae53e3e54e6,Thiago Moises,bjj_grappler,medium,Wikipedia: BJJ from 8
cfc3e7bb44685289,Trey Ogden,unclear,low,No Wikipedia page found
c77a953488e5607d,Vinc Pichel,unclear,low,Wikipedia: Started directly in MMA
36b8f265bcd1b7a4,Abus Magomedov,wrestler,medium,Wikipedia: Wrestling from childhood; kickboxing later
093e1f5bb73850be,Anthony Hernandez,wrestler,low,Wikipedia: HS wrestling team
369ea36e450ae62a,Armen Petrosyan,striker_kickboxing,high,Wikipedia: IFMA Muay Thai world gold and silver; Russian Muay Thai medals
2f815ed5f8278ba6,Ateba Gautier,wrestler,medium,"Wikipedia: Sambo from 18; African Sambo silver, Muay Thai youth title"
2f181c0467965b98,Brendan Allen,bjj_grappler,medium,Wikipedia: BJJ from 13; some wrestling and boxing in HS
1e719d4b676dc19a,Brunno Ferreira,unclear,low,No Wikipedia page found
a331233f597090a5,Bryan Barberena,unclear,low,Wikipedia names no martial art before MMA
4126a78111c0855a,Caio Borralho,bjj_grappler,high,"Wikipedia: Judo from 6, state and national titles; BJJ and Muay Thai later"
3a8176e15b9887c1,Chris Weidman,wrestler,high,Wikipedia: HS state champion; two-time NCAA D1 All-American wrestler
a93f94c923c3a9cb,Christian Leroy Duncan,unclear,low,Wikipedia names no martial art before MMA
f14f644d41ade29f,Cody Brundage,wrestler,high,Wikipedia: HS state runner-up; NCAA D2 wrestling at Newberry
866fd7b1a6c90e7f,Dusko Todorovic,striker_kickboxing,medium,Wikipedia: Taekwondo from 8; wrestling and grappling later
71505842fb6455c3,Dustin Stoltzfus,striker_kickboxing,medium,"Wikipedia: Folkstyle wrestling as a child; Tang Soo Do, kung fu; former kickboxer"
4144798612ef96e5,Edmen Shahbazyan,wrestler,medium,Wikipedia: Martial arts from 9; HS wrestling to CIF State
9508cc6184cb2450,Eric McConico,unclear,low,No Wikipedia page found
6ac9bc2953c47345,Gerald Meerschaert,striker_kickboxing,low,Wikipedia: Taekwondo when young
d1c65d2cf2925ddd,Gregory Rodrigues,bjj_grappler,high,"Wikipedia: Capoeira from 5; BJJ from 8, black belt, world champion; wrestling later"
260bd4cef10b033f,Ihor Potieria,unclear,low,No Wikipedia page found
b07aed698fba8624,Ikram Aliskerov,wrestler,high,Wikipedia: Sambo and judo from school age; four-time combat sambo world champion
0a1942069c9ad6b6,Jack Hermansson,wrestler,medium,Wikipedia: Greco-Roman wrestling from 9; Muay Thai later
d4270315cbcf2569,Jacob Malkoun,hybrid,medium,"Wikipedia: Boxing from 16, 3-0 pro boxer; ADCC Asia trials winner"
830f60497fab345a,Jamie Pickett,bjj_grappler,low,Wikipedia: BJJ from 19
13a0275fa13c4d26,Jared Cannonier,unclear,low,Wikipedia names no martial art before MMA
c1085e1701b13eca,Joe Pyfer,bjj_grappler,medium,Wikipedia: Jiu-jitsu and judo as a child; HS wrestling later
ca43de99b07b6b40,Josh Fremd,unclear,low,No Wikipedia page found
285ae0b4a68221f4,JunYong Park,unclear,low,No Wikipedia page found
f1b2aa7853d1ed6e,Kamaru Usman,wrestler,high,Wikipedia: NCAA D2 national champion wrestler
8c0580d4fff106c1,Kelvin Gastelum,wrestler,high,Wikipedia: HS state wrestling champion; NJCAA wrestling
767755fd74662dbf,Khamzat Chimaev,wrestler,high,Wikipedia: Wrestling from 5; Russian junior bronze
d6c0cdd7e467c440,Kyle Daukaus,unclear,low,Wikipedia: Informal grappling then straight to MMA
ea7e5bc78d9de658,Makhmud Muradov,striker_kickboxing,medium,Wikipedia: Boxing in youth; junior Uzbek kickboxing champion; combat sambo from 17
7acbb0972e75281a,Marvin Vettori,striker_kickboxing,medium,Wikipedia: Kickboxing from 13
a67d071163962af8,Michael Page,striker_kickboxing,high,Wikipedia: Lau Gar kung fu from 3; ten kickboxing world titles
0d65c432720accb9,Michal Oleksiejczuk,unclear,low,Wikipedia names no martial art before MMA
595db60957de51d3,Michel Pereira,striker_kickboxing,medium,Wikipedia: Karate from 12; BJJ from 16
881bf86d4cba8578,Nassourdine Imavov,striker_boxing,medium,Wikipedia: Boxing from 9
eabf206b162b3b83,Paul Craig,unclear,low,Wikipedia: Started directly in MMA
e1147d3d2dabe1ce,Robert Whittaker,striker_kickboxing,high,"Wikipedia: Goju-ryu karate from 7, black belt; hapkido then MMA; freestyle wrestling later"
327d5f279895110d,Roman Dolidze,bjj_grappler,medium,"Wikipedia: Sambo and BJJ from 20; world grappling champion, ADCC Asia champion"
0d8011111be000b2,Sean Strickland,unclear,low,Wikipedia: Started directly in MMA
4e6738062d469256,Sedriques Dumas,unclear,low,No Wikipedia page found
06734ca9d88dec3a,Shara Magomedov,striker_kickboxing,high,"Wikipedia: Boxing first; Russian Muay Thai champion, 18-2"
6aae253467e8f9ce,Tafon Nchukwi,striker_kickboxing,high,Wikipedia: HS wrestling; WKA kickboxing national and world champion
d317a5e2b3f88c5f,Warlley Alves,striker_kickboxing,high,Wikipedia: Kickboxing from 10; three Brazilian kickboxing titles
23dec7c47cb418f8,Zachary Reese,unclear,low,Wikipedia names no martial art before MMA
a01a62132460a98d,Adam Fugitt,wrestler,medium,"Wikipedia: HS and college wrestling; BJJ from 20, then Muay Thai"
cdb96af67d096b1e,Alex Morono,bjj_grappler,medium,"Wikipedia: Boxing gym from 2007, then jiu-jitsu; 1-0 pro kickboxing"
1497e735d9f2560a,Ange Loosa,unclear,low,No Wikipedia page found
b1b0729d27936f2f,Belal Muhammad,wrestler,low,Wikipedia: HS wrestling team
f626118b6da0e020,Bryan Battle,unclear,low,Wikipedia: Started directly in MMA
7ee0fd831c0fe7c3,Carlos Prates,striker_kickboxing,high,Wikipedia: Muay Thai from teens; pro Muay Thai career in Thailand and China
a53d30163304aa6e,Carlston Harris,hybrid,low,Wikipedia: Boxing and luta livre as a hobby
feedf3053472fe56,Charles Radtke,unclear,low,No Wikipedia page found
c68c68efaa5ca6ef,Chidi Njokuani,striker_kickboxing,high,Wikipedia: Muay Thai from 10; pro Muay Thai and kickboxing
dc9572dd6ec74859,Colby Covington,wrestler,high,"Wikipedia: HS state champion; NJCAA champion, NCAA D1 All-American wrestler"
8adcbd525fab8d9b,Elizeu Zaleski dos Santos,striker_kickboxing,medium,Wikipedia: Capoeira from 9
3920d0cc288f9b0d,Francisco Prado,unclear,low,No Wikipedia page found
b997be68943010fc,Geoff Neal,unclear,low,Wikipedia names no martial art before MMA
fd55393021a8c255,Gunnar Nelson,bjj_grappler,medium,"Wikipedia: Goju-ryu karate from 13, juvenile national titles; BJJ from 17, black belt"
6b453bc35a823c3f,Jack Della Maddalena,striker_boxing,medium,Wikipedia: Boxing from 14
c730a0be691dc081,Jared Gooden,unclear,low,Wikipedia: Started directly in MMA
f1fac969a1d70b08,Leon Edwards,unclear,low,Wikipedia: Started directly in MMA
e64b96c07d7ce999,Li Jingliang,hybrid,medium,Wikipedia: Chinese wrestling and sanda
c58f51dedb310998,Michael Chiesa,wrestler,medium,Wikipedia: Wrestling from 11; HS wrestling
dd6103dd7127db1d,Mike Malott,unclear,low,Wikipedia names no martial art before MMA
447f9858ae78f921,Muslim Salikhov,striker_kickboxing,high,Wikipedia: Wushu Sanda from 1995; multiple-time sanda world champion
bf2c8e01b07d3eb1,Myktybek Orolbai,unclear,low,Wikipedia names no martial art before MMA
84b3e7d38f2d2ec5,Neil Magny,wrestler,high,Wikipedia: HS and college wrestling
9d19d9e4aa2662e8,Nicolas Dalby,striker_kickboxing,medium,Wikipedia: Karate for five years as a teen
d8da10db80131bec,Niko Price,striker_kickboxing,medium,Wikipedia: Kickboxing after HS; 2-0 by KO
0f1efce7d2571d10,Nikolay Veretennikov,unclear,low,No Wikipedia page found
6b56e94a59b7b134,Oban Elliott,unclear,low,No Wikipedia page found
8e382b585a92affe,Phil Rowe,unclear,low,Wikipedia names no martial art before MMA
9fe7af8b3fbe00a0,Preston Parsons,unclear,low,No Wikipedia page found
64facb6cc564262d,Punahele Soriano,wrestler,high,Wikipedia: HS state wrestling champion; D-III All-American; HS judo champion
6a2f7c151031653d,Rafael Dos Anjos,bjj_grappler,medium,Wikipedia: BJJ from 9
3d074044a33825e7,Ramiz Brahimaj,unclear,low,Wikipedia: Started directly in MMA
c6aee362c7a7d482,Randy Brown,striker_boxing,medium,"Wikipedia: Boxing from 2005, then MMA at 19"
8b6e5dc2ba1edbe7,Sam Patterson,unclear,low,No Wikipedia page found
45f7cb591c3ab00b,Sean Brady,striker_kickboxing,low,"Wikipedia: Muay Thai in HS, then BJJ"
01afe0916a40c7c5,Shavkat Rakhmonov,unclear,low,Wikipedia names no martial art before MMA
32490e80ddab1e5a,Song Kenan,unclear,low,Wikipedia names no martial art before MMA
4a28cb716c19157a,Stephen Thompson,striker_kickboxing,high,Wikipedia: Karate from 3; kickboxing 37-0 amateur and pro kickboxer
40f3cb27fc7305a1,Themba Gorimbo,unclear,low,Wikipedia: Started directly in MMA
4b47e71384a9522f,Tim Means,unclear,low,Wikipedia names no martial art before MMA
681399317dbf4701,Uros Medic,bjj_grappler,medium,Wikipedia: Judo from 4; kickboxing later
6d4b63c767106d3a,Vicente Luque,striker_kickboxing,medium,Wikipedia: Karate from 3; Muay Thai and BJJ as a teen
4dcfb28c011c11b2,Wellington Turman,striker_kickboxing,low,Wikipedia: Muay Thai to lose weight
fc6e681bf6658faf,Ashlee Evans-Smith,unclear,low,Wikipedia names no martial art before MMA
af9efbfd63d39734,Chelsea Chandler,striker_kickboxing,low,Wikipedia: Trained at Tiger Muay Thai from 2011
578ef12674df1e6a,Irene Aldana,unclear,low,Wikipedia: Started directly in MMA
e3964ece586e0635,Jacqueline Cavalcanti,unclear,low,Wikipedia names no martial art before MMA
68d35296f566792b,Josiane Nunes,unclear,low,Wikipedia names no martial art before MMA
3253b16d38ae087d,Julianna Pena,striker_kickboxing,low,"Wikipedia: Cardio kickboxing class, then MMA"
351c4ec637380ad5,Karol Rosa,bjj_grappler,high,Wikipedia: BJJ from 13; multiple international titles
b9706f80d005036c,Ketlen Vieira,bjj_grappler,medium,Wikipedia: BJJ then judo from 12; black belts in both; national wrestling champion
5078e1dacf9d25f4,Luana Santos,bjj_grappler,high,Wikipedia: Judo from 8; national team; black belt at 18
3cf66c62d9069f43,Lucie Pudilova,unclear,low,Wikipedia: Started directly in MMA
cc8c623cca88f54f,Mayra Bueno Silva,unclear,low,Wikipedia names no martial art before MMA
bd532e9a2b93870c,Melissa Mullins,unclear,low,No Wikipedia page found
f2b3f4ef3f780168,Nora Cornolle,striker_kickboxing,high,Wikipedia: Muay Thai from 21; French champion; World Games silver
d3f5d33d61cd00c9,Norma Dumont,striker_kickboxing,high,Wikipedia: Jiu jitsu at 13; Sanda national champion after 19
91dac5e69e28d5b5,Pannie Kianzad,striker_boxing,medium,Wikipedia: Boxing from 14; ~30 amateur bouts; shootfighting champion at 19
b1e5bcaad32a3cac,Priscila Cachoeira,unclear,low,Wikipedia: Started directly in MMA
3143bf892608139a,Yana Santos,unclear,low,Wikipedia names no martial art before MMA
e8b731feff72294b,Alexa Grasso,unclear,low,Wikipedia names no martial art before MMA
05fa626cb33d15b8,Andrea Lee,striker_kickboxing,medium,Wikipedia: Kickboxer; win at Muay Thai World Championships
04835018f90b118c,Casey O'Neill,striker_kickboxing,medium,Wikipedia: Kickboxing from 4; BJJ from 13
27b388f0aab49780,Dione Barbosa,unclear,low,No Wikipedia page found
de594b35c45c2e9a,Eduarda Moura,unclear,low,No Wikipedia page found
669970f7feba8ecd,Erin Blanchfield,bjj_grappler,high,Wikipedia: Jiu-jitsu from 7; EBI champion
a6eb54ae17a551be,Gabriella Fernandes,unclear,low,No Wikipedia page found
6fd953151d981979,JJ Aldrich,striker_kickboxing,high,Wikipedia: Taekwondo from 9; black belt at 13
a9e260472d321361,Jasmine Jasudavicius,unclear,low,Wikipedia: Started directly in MMA
8e1f36476ef02a6a,Jennifer Maia,striker_kickboxing,high,Wikipedia: Muay Thai from 15 with national titles; pro boxing 3-0 later
12f91bfa8f1f723b,Joanne Wood,striker_kickboxing,medium,Wikipedia: Former Muay Thai champion
aa0c573da7119292,Juliana Miller,unclear,low,No Wikipedia page found
e872e9a9a902c045,Katlyn Cerminara,striker_kickboxing,medium,Wikipedia: Karate from 4
729d4bd5a6cd0a97,Lauren Murphy,bjj_grappler,low,Wikipedia: BJJ for 3 months before MMA
528b071cf3da7c56,Luana Carolina,unclear,low,Wikipedia names no martial art before MMA
34ff304266360297,Manon Fiorot,striker_kickboxing,high,Wikipedia: Karate from 7; black belt and national team; Muay Thai and K-1 national titles
a08ddd04eaffd81d,Mariya Agapova,unclear,low,Wikipedia names no martial art before MMA
262d32ebda89efc4,Natalia Silva,unclear,low,No Wikipedia page found
47b63240018d5d86,Rose Namajunas,unclear,low,Wikipedia names no martial art before MMA
f7467152fd9f18a2,Taila Santos,striker_kickboxing,medium,Wikipedia: Muay Thai from 16; jiu-jitsu later
132deb59abae64b1,Valentina Shevchenko,striker_kickboxing,high,Wikipedia: Taekwondo from 5; Muay Thai and kickboxing from 12; 8 IFMA world golds
9dedfdd91070ddd8,Victoria Leonardo,unclear,low,Wikipedia names no martial art before MMA
2997e7fe3c9d3d4a,Wang Cong,striker_kickboxing,high,Wikipedia: Sanda world and Asian Games gold; boxing world silver
beecb672a279223e,Amanda Ribas,bjj_grappler,high,Wikipedia: Judo under her father; national youth team
f0feeb2192937424,Angela Hill,striker_kickboxing,medium,Wikipedia: Former World Kickboxing Association champion
c0d5c0c95c59050b,Ariane Carnelossi,striker_kickboxing,medium,"Wikipedia: Muay Thai, then jiu-jitsu"
b4c6c904a9ffc5e8,Ashley Yoder,unclear,low,Wikipedia: Started directly in MMA
d910665038efc639,Carla Esparza,wrestler,high,Wikipedia: HS and college wrestling; All-American; BJJ later
cffb87059e645bd1,Denise Gomes,unclear,low,Wikipedia names no martial art before MMA
02f8fedc18cbd26c,Emily Ducote,hybrid,medium,Wikipedia: Taekwondo black belt from 12; HS wrestling state runner-up; BJJ later
745fa7b605f8e2da,Fatima Kline,unclear,low,Wikipedia names no martial art before MMA
38c7f72747f4f712,Gillian Robertson,striker_kickboxing,low,"Wikipedia: Cardio kickboxing from 16, then MMA"
bc7d1ad49fcb2d08,Jaqueline Amorim,unclear,low,No Wikipedia page found
abb68e3c7ca128f2,Julia Polastri,unclear,low,No Wikipedia page found
d7c3816669784109,Karolina Kowalkiewicz,striker_kickboxing,medium,"Wikipedia: Krav Maga from 16, then Muay Thai"
8bd4200561c77a62,Ketlen Souza,unclear,low,Wikipedia names no martial art before MMA
4e30e4250cb08b61,Loma Lookboonmee,striker_kickboxing,high,Wikipedia: Muay Thai from 7; titles and Thai national team
a3a542074109b347,Luana Pinheiro,bjj_grappler,high,Wikipedia: Judo from 2; accomplished junior career
7447e9f28508106a,Mackenzie Dern,bjj_grappler,high,Wikipedia: BJJ from 3; black belt world champion
cd2c4d30c6e13b47,Marina Rodriguez,striker_kickboxing,medium,Wikipedia: Muay Thai from 2013 with amateur bouts
eb04b9d31e938edb,Michelle Waterson-Gomez,striker_kickboxing,high,Wikipedia: Karate from 10; black belt; many arts later
51018a31ddf31eb2,Molly McCann,striker_kickboxing,low,"Wikipedia: Karate, kickboxing and Thai boxing, then boxing from 12"
1235b31de15d0c6e,Montserrat Conejo Ruiz,unclear,low,No Wikipedia page found
9673a497a9da119a,Polyana Viana,bjj_grappler,low,Wikipedia: BJJ from 2013; MMA debut same year
e94085e821bd81de,Sam Hughes,unclear,low,Wikipedia: Started directly in MMA
9c442aaf149ea982,Shauna Bannon,unclear,low,No Wikipedia page found
d25240135aee03e5,Tabatha Ricci,bjj_grappler,medium,"Wikipedia: Judo from 6; Muay Thai, BJJ and boxing later"
d35298b6df168456,Talita Alencar,bjj_grappler,high,Wikipedia: BJJ from 14; black belt world champion
31ef8b67e13495b3,Tecia Pennington,striker_kickboxing,high,Wikipedia: Taekwondo from 3; black belt; Muay Thai 16-4 amateur
7dda2cf308f24a02,Virna Jandiroba,bjj_grappler,high,"Wikipedia: Kung fu as a child, then judo and BJJ black belt"
c41d426cc7326d1b,Yan Xiaonan,striker_kickboxing,medium,Wikipedia: Sanda background at Xi'an Sports University
40cb680ae1cd331f,Yazmin Jauregui,unclear,low,Wikipedia names no martial art before MMA
1ebe20ebbfa15e29,Zhang Weili,striker_kickboxing,high,Wikipedia: Kung fu from 6; Sanda from 12; Hebei provincial champion
